{"cameraMode":{"drawMode":0,"name":"Shaded","section":"Shading Mode"},"sceneLighting":false,"audioPlay":false,"sceneViewState":{"showFog":true,"showMaterialUpdate":false,"showSkybox":false,"showFlares":true,"showImageEffects":true,"showParticleSystems":true},"in2DMode":false,"pivot":{"x":9.82200813293457,"y":3.5173892974853517,"z":7.262541770935059},"rotation":{"x":-0.1296025514602661,"y":0.8694126605987549,"z":-0.31422069668769839,"w":-0.3585955500602722},"size":1.9117933511734009,"orthographic":false}